"wind_farm","season","total_wind_speed","count_wind_speed","total_rotor_speed","count_rotor_speed","avg_wind_speed","avg_rotor_speed"
"B","Fall",2042952.68,221853,1650295.31,221853,9.20858712751236,7.43868827556986
"B","Spring",1523505.71,201716,1256346.7,201716,7.55272615955105,6.22829473120625
"B","Summer",1554043.46,228234,1441395.15,228234,6.80899191180981,6.31542693025579
"B","Winter",2303852.96,207262,1565831.93,207262,11.1156553540929,7.55484329013519
