"wind_farm","season","total_wind_speed","count_wind_speed","total_rotor_speed","count_rotor_speed","avg_wind_speed","avg_rotor_speed"
"C","Fall",1269.76900000002,56293,504893.3091,56293,0.0225564279750594,8.96902472954008
"C","Spring",44040.0126,52704,434108.1972,52704,0.835610439435337,8.23672201730419
"C","Summer",60666.9665,54811,390357.1127,54811,1.10683925671854,7.12187540274762
"C","Winter",127847.7343,56737,579423.212,56737,2.25333969543684,10.2124400655657
