"wind_farm","season","total_wind_speed","count_wind_speed","total_rotor_speed","count_rotor_speed","avg_wind_speed","avg_rotor_speed"
"A","Fall",1481703.4,260719,2315298.7,260719,5.68314315412379,8.88043717565655
"A","Spring",1801754.6,265458,2723476.3,265458,6.78734338388747,10.2595374786219
"A","Summer",1734290,265585,2469492.3,265585,6.53007511719412,9.29831240469153
"A","Winter",1456156.7,252391,2298163.6,252391,5.76944780122905,9.10556874056523
